chamber,connectedSubjectId,candidateId,position,lastName,firstName,party
camera,coalition-alleanza-verdi-e-sinistra-europa-impegno-civico-luigi-di-maio-centro-democratico-partito-democratico-italia-democratica-e-progressista,bonus-2022-camera-coalition-alleanza-verdi-e-sinistra-europa-impegno-civico-luigi-di-maio-centro-democratico-partito-democratico-italia-democratica-e-progressista-01,1,Costa,Anna,alleanza-verdi-e-sinistra
camera,coalition-alleanza-verdi-e-sinistra-europa-impegno-civico-luigi-di-maio-centro-democratico-partito-democratico-italia-democratica-e-progressista,bonus-2022-camera-coalition-alleanza-verdi-e-sinistra-europa-impegno-civico-luigi-di-maio-centro-democratico-partito-democratico-italia-democratica-e-progressista-02,2,Marino,Chiara,europa
camera,coalition-alleanza-verdi-e-sinistra-europa-impegno-civico-luigi-di-maio-centro-democratico-partito-democratico-italia-democratica-e-progressista,bonus-2022-camera-coalition-alleanza-verdi-e-sinistra-europa-impegno-civico-luigi-di-maio-centro-democratico-partito-democratico-italia-democratica-e-progressista-03,3,Bruno,Silvia,impegno-civico-luigi-di-maio-centro-democratico
camera,coalition-alleanza-verdi-e-sinistra-europa-impegno-civico-luigi-di-maio-centro-democratico-partito-democratico-italia-democratica-e-progressista,bonus-2022-camera-coalition-alleanza-verdi-e-sinistra-europa-impegno-civico-luigi-di-maio-centro-democratico-partito-democratico-italia-democratica-e-progressista-04,4,Mancini,Silvia,partito-democratico-italia-democratica-e-progressista
camera,coalition-alleanza-verdi-e-sinistra-europa-impegno-civico-luigi-di-maio-centro-democratico-partito-democratico-italia-democratica-e-progressista,bonus-2022-camera-coalition-alleanza-verdi-e-sinistra-europa-impegno-civico-luigi-di-maio-centro-democratico-partito-democratico-italia-democratica-e-progressista-05,5,Bianchi,Marco,alleanza-verdi-e-sinistra
camera,coalition-alleanza-verdi-e-sinistra-europa-impegno-civico-luigi-di-maio-centro-democratico-partito-democratico-italia-democratica-e-progressista,bonus-2022-camera-coalition-alleanza-verdi-e-sinistra-europa-impegno-civico-luigi-di-maio-centro-democratico-partito-democratico-italia-democratica-e-progressista-06,6,Bianchi,Marco,europa
camera,coalition-alleanza-verdi-e-sinistra-europa-impegno-civico-luigi-di-maio-centro-democratico-partito-democratico-italia-democratica-e-progressista,bonus-2022-camera-coalition-alleanza-verdi-e-sinistra-europa-impegno-civico-luigi-di-maio-centro-democratico-partito-democratico-italia-democratica-e-progressista-07,7,Marino,Andrea,impegno-civico-luigi-di-maio-centro-democratico
camera,coalition-alleanza-verdi-e-sinistra-europa-impegno-civico-luigi-di-maio-centro-democratico-partito-democratico-italia-democratica-e-progressista,bonus-2022-camera-coalition-alleanza-verdi-e-sinistra-europa-impegno-civico-luigi-di-maio-centro-democratico-partito-democratico-italia-democratica-e-progressista-08,8,Conti,Luca,partito-democratico-italia-democratica-e-progressista
camera,coalition-alleanza-verdi-e-sinistra-europa-impegno-civico-luigi-di-maio-centro-democratico-partito-democratico-italia-democratica-e-progressista,bonus-2022-camera-coalition-alleanza-verdi-e-sinistra-europa-impegno-civico-luigi-di-maio-centro-democratico-partito-democratico-italia-democratica-e-progressista-09,9,Bruno,Sara,alleanza-verdi-e-sinistra
camera,coalition-alleanza-verdi-e-sinistra-europa-impegno-civico-luigi-di-maio-centro-democratico-partito-democratico-italia-democratica-e-progressista,bonus-2022-camera-coalition-alleanza-verdi-e-sinistra-europa-impegno-civico-luigi-di-maio-centro-democratico-partito-democratico-italia-democratica-e-progressista-10,10,Ricci,Marco,europa
camera,coalition-alleanza-verdi-e-sinistra-europa-impegno-civico-luigi-di-maio-centro-democratico-partito-democratico-italia-democratica-e-progressista,bonus-2022-camera-coalition-alleanza-verdi-e-sinistra-europa-impegno-civico-luigi-di-maio-centro-democratico-partito-democratico-italia-democratica-e-progressista-11,11,Gallo,Marco,impegno-civico-luigi-di-maio-centro-democratico
camera,coalition-alleanza-verdi-e-sinistra-europa-impegno-civico-luigi-di-maio-centro-democratico-partito-democratico-italia-democratica-e-progressista,bonus-2022-camera-coalition-alleanza-verdi-e-sinistra-europa-impegno-civico-luigi-di-maio-centro-democratico-partito-democratico-italia-democratica-e-progressista-12,12,Ricci,Silvia,partito-democratico-italia-democratica-e-progressista
camera,coalition-alleanza-verdi-e-sinistra-europa-impegno-civico-luigi-di-maio-centro-democratico-partito-democratico-italia-democratica-e-progressista,bonus-2022-camera-coalition-alleanza-verdi-e-sinistra-europa-impegno-civico-luigi-di-maio-centro-democratico-partito-democratico-italia-democratica-e-progressista-13,13,Greco,Luca,alleanza-verdi-e-sinistra
camera,coalition-alleanza-verdi-e-sinistra-europa-impegno-civico-luigi-di-maio-centro-democratico-partito-democratico-italia-democratica-e-progressista,bonus-2022-camera-coalition-alleanza-verdi-e-sinistra-europa-impegno-civico-luigi-di-maio-centro-democratico-partito-democratico-italia-democratica-e-progressista-14,14,Romano,Marco,europa
camera,coalition-alleanza-verdi-e-sinistra-europa-impegno-civico-luigi-di-maio-centro-democratico-partito-democratico-italia-democratica-e-progressista,bonus-2022-camera-coalition-alleanza-verdi-e-sinistra-europa-impegno-civico-luigi-di-maio-centro-democratico-partito-democratico-italia-democratica-e-progressista-15,15,Mancini,Chiara,impegno-civico-luigi-di-maio-centro-democratico
camera,coalition-alleanza-verdi-e-sinistra-europa-impegno-civico-luigi-di-maio-centro-democratico-partito-democratico-italia-democratica-e-progressista,bonus-2022-camera-coalition-alleanza-verdi-e-sinistra-europa-impegno-civico-luigi-di-maio-centro-democratico-partito-democratico-italia-democratica-e-progressista-16,16,Giordano,Andrea,partito-democratico-italia-democratica-e-progressista
camera,coalition-alleanza-verdi-e-sinistra-europa-impegno-civico-luigi-di-maio-centro-democratico-partito-democratico-italia-democratica-e-progressista,bonus-2022-camera-coalition-alleanza-verdi-e-sinistra-europa-impegno-civico-luigi-di-maio-centro-democratico-partito-democratico-italia-democratica-e-progressista-17,17,Bruno,Sara,alleanza-verdi-e-sinistra
camera,coalition-alleanza-verdi-e-sinistra-europa-impegno-civico-luigi-di-maio-centro-democratico-partito-democratico-italia-democratica-e-progressista,bonus-2022-camera-coalition-alleanza-verdi-e-sinistra-europa-impegno-civico-luigi-di-maio-centro-democratico-partito-democratico-italia-democratica-e-progressista-18,18,Marino,Davide,europa
camera,coalition-alleanza-verdi-e-sinistra-europa-impegno-civico-luigi-di-maio-centro-democratico-partito-democratico-italia-democratica-e-progressista,bonus-2022-camera-coalition-alleanza-verdi-e-sinistra-europa-impegno-civico-luigi-di-maio-centro-democratico-partito-democratico-italia-democratica-e-progressista-19,19,Rossi,Maria,impegno-civico-luigi-di-maio-centro-democratico
camera,coalition-alleanza-verdi-e-sinistra-europa-impegno-civico-luigi-di-maio-centro-democratico-partito-democratico-italia-democratica-e-progressista,bonus-2022-camera-coalition-alleanza-verdi-e-sinistra-europa-impegno-civico-luigi-di-maio-centro-democratico-partito-democratico-italia-democratica-e-progressista-20,20,Ferrari,Giulia,partito-democratico-italia-democratica-e-progressista
camera,coalition-alleanza-verdi-e-sinistra-europa-impegno-civico-luigi-di-maio-centro-democratico-partito-democratico-italia-democratica-e-progressista,bonus-2022-camera-coalition-alleanza-verdi-e-sinistra-europa-impegno-civico-luigi-di-maio-centro-democratico-partito-democratico-italia-democratica-e-progressista-21,21,Rossi,Paolo,alleanza-verdi-e-sinistra
camera,coalition-alleanza-verdi-e-sinistra-europa-impegno-civico-luigi-di-maio-centro-democratico-partito-democratico-italia-democratica-e-progressista,bonus-2022-camera-coalition-alleanza-verdi-e-sinistra-europa-impegno-civico-luigi-di-maio-centro-democratico-partito-democratico-italia-democratica-e-progressista-22,22,Mancini,Chiara,europa
camera,coalition-alleanza-verdi-e-sinistra-europa-impegno-civico-luigi-di-maio-centro-democratico-partito-democratico-italia-democratica-e-progressista,bonus-2022-camera-coalition-alleanza-verdi-e-sinistra-europa-impegno-civico-luigi-di-maio-centro-democratico-partito-democratico-italia-democratica-e-progressista-23,23,Mancini,Luca,impegno-civico-luigi-di-maio-centro-democratico
camera,coalition-alleanza-verdi-e-sinistra-europa-impegno-civico-luigi-di-maio-centro-democratico-partito-democratico-italia-democratica-e-progressista,bonus-2022-camera-coalition-alleanza-verdi-e-sinistra-europa-impegno-civico-luigi-di-maio-centro-democratico-partito-democratico-italia-democratica-e-progressista-24,24,Greco,Sara,partito-democratico-italia-democratica-e-progressista
camera,coalition-alleanza-verdi-e-sinistra-europa-impegno-civico-luigi-di-maio-centro-democratico-partito-democratico-italia-democratica-e-progressista,bonus-2022-camera-coalition-alleanza-verdi-e-sinistra-europa-impegno-civico-luigi-di-maio-centro-democratico-partito-democratico-italia-democratica-e-progressista-25,25,Costa,Andrea,alleanza-verdi-e-sinistra
camera,coalition-alleanza-verdi-e-sinistra-europa-impegno-civico-luigi-di-maio-centro-democratico-partito-democratico-italia-democratica-e-progressista,bonus-2022-camera-coalition-alleanza-verdi-e-sinistra-europa-impegno-civico-luigi-di-maio-centro-democratico-partito-democratico-italia-democratica-e-progressista-26,26,Marino,Paolo,europa
camera,coalition-alleanza-verdi-e-sinistra-europa-impegno-civico-luigi-di-maio-centro-democratico-partito-democratico-italia-democratica-e-progressista,bonus-2022-camera-coalition-alleanza-verdi-e-sinistra-europa-impegno-civico-luigi-di-maio-centro-democratico-partito-democratico-italia-democratica-e-progressista-27,27,Costa,Marco,impegno-civico-luigi-di-maio-centro-democratico
camera,coalition-alleanza-verdi-e-sinistra-europa-impegno-civico-luigi-di-maio-centro-democratico-partito-democratico-italia-democratica-e-progressista,bonus-2022-camera-coalition-alleanza-verdi-e-sinistra-europa-impegno-civico-luigi-di-maio-centro-democratico-partito-democratico-italia-democratica-e-progressista-28,28,Rossi,Silvia,partito-democratico-italia-democratica-e-progressista
camera,coalition-alleanza-verdi-e-sinistra-europa-impegno-civico-luigi-di-maio-centro-democratico-partito-democratico-italia-democratica-e-progressista,bonus-2022-camera-coalition-alleanza-verdi-e-sinistra-europa-impegno-civico-luigi-di-maio-centro-democratico-partito-democratico-italia-democratica-e-progressista-29,29,Bruno,Sara,alleanza-verdi-e-sinistra
camera,coalition-alleanza-verdi-e-sinistra-europa-impegno-civico-luigi-di-maio-centro-democratico-partito-democratico-italia-democratica-e-progressista,bonus-2022-camera-coalition-alleanza-verdi-e-sinistra-europa-impegno-civico-luigi-di-maio-centro-democratico-partito-democratico-italia-democratica-e-progressista-30,30,Ricci,Elena,europa
camera,coalition-alleanza-verdi-e-sinistra-europa-impegno-civico-luigi-di-maio-centro-democratico-partito-democratico-italia-democratica-e-progressista,bonus-2022-camera-coalition-alleanza-verdi-e-sinistra-europa-impegno-civico-luigi-di-maio-centro-democratico-partito-democratico-italia-democratica-e-progressista-31,31,Greco,Sara,impegno-civico-luigi-di-maio-centro-democratico
camera,coalition-alleanza-verdi-e-sinistra-europa-impegno-civico-luigi-di-maio-centro-democratico-partito-democratico-italia-democratica-e-progressista,bonus-2022-camera-coalition-alleanza-verdi-e-sinistra-europa-impegno-civico-luigi-di-maio-centro-democratico-partito-democratico-italia-democratica-e-progressista-32,32,Rossi,Paolo,partito-democratico-italia-democratica-e-progressista
camera,coalition-alleanza-verdi-e-sinistra-europa-impegno-civico-luigi-di-maio-centro-democratico-partito-democratico-italia-democratica-e-progressista,bonus-2022-camera-coalition-alleanza-verdi-e-sinistra-europa-impegno-civico-luigi-di-maio-centro-democratico-partito-democratico-italia-democratica-e-progressista-33,33,Marino,Francesco,alleanza-verdi-e-sinistra
camera,coalition-alleanza-verdi-e-sinistra-europa-impegno-civico-luigi-di-maio-centro-democratico-partito-democratico-italia-democratica-e-progressista,bonus-2022-camera-coalition-alleanza-verdi-e-sinistra-europa-impegno-civico-luigi-di-maio-centro-democratico-partito-democratico-italia-democratica-e-progressista-34,34,Conti,Chiara,europa
camera,coalition-alleanza-verdi-e-sinistra-europa-impegno-civico-luigi-di-maio-centro-democratico-partito-democratico-italia-democratica-e-progressista,bonus-2022-camera-coalition-alleanza-verdi-e-sinistra-europa-impegno-civico-luigi-di-maio-centro-democratico-partito-democratico-italia-democratica-e-progressista-35,35,Rossi,Andrea,impegno-civico-luigi-di-maio-centro-democratico
camera,coalition-alleanza-verdi-e-sinistra-europa-impegno-civico-luigi-di-maio-centro-democratico-partito-democratico-italia-democratica-e-progressista,bonus-2022-camera-coalition-alleanza-verdi-e-sinistra-europa-impegno-civico-luigi-di-maio-centro-democratico-partito-democratico-italia-democratica-e-progressista-36,36,Ferrari,Maria,partito-democratico-italia-democratica-e-progressista
camera,coalition-alleanza-verdi-e-sinistra-europa-impegno-civico-luigi-di-maio-centro-democratico-partito-democratico-italia-democratica-e-progressista,bonus-2022-camera-coalition-alleanza-verdi-e-sinistra-europa-impegno-civico-luigi-di-maio-centro-democratico-partito-democratico-italia-democratica-e-progressista-37,37,Greco,Silvia,alleanza-verdi-e-sinistra
camera,coalition-alleanza-verdi-e-sinistra-europa-impegno-civico-luigi-di-maio-centro-democratico-partito-democratico-italia-democratica-e-progressista,bonus-2022-camera-coalition-alleanza-verdi-e-sinistra-europa-impegno-civico-luigi-di-maio-centro-democratico-partito-democratico-italia-democratica-e-progressista-38,38,Conti,Paolo,europa
camera,coalition-alleanza-verdi-e-sinistra-europa-impegno-civico-luigi-di-maio-centro-democratico-partito-democratico-italia-democratica-e-progressista,bonus-2022-camera-coalition-alleanza-verdi-e-sinistra-europa-impegno-civico-luigi-di-maio-centro-democratico-partito-democratico-italia-democratica-e-progressista-39,39,Bianchi,Matteo,impegno-civico-luigi-di-maio-centro-democratico
camera,coalition-alleanza-verdi-e-sinistra-europa-impegno-civico-luigi-di-maio-centro-democratico-partito-democratico-italia-democratica-e-progressista,bonus-2022-camera-coalition-alleanza-verdi-e-sinistra-europa-impegno-civico-luigi-di-maio-centro-democratico-partito-democratico-italia-democratica-e-progressista-40,40,Rossi,Laura,partito-democratico-italia-democratica-e-progressista
camera,coalition-alleanza-verdi-e-sinistra-europa-impegno-civico-luigi-di-maio-centro-democratico-partito-democratico-italia-democratica-e-progressista,bonus-2022-camera-coalition-alleanza-verdi-e-sinistra-europa-impegno-civico-luigi-di-maio-centro-democratico-partito-democratico-italia-democratica-e-progressista-41,41,Marino,Giulia,alleanza-verdi-e-sinistra
camera,coalition-alleanza-verdi-e-sinistra-europa-impegno-civico-luigi-di-maio-centro-democratico-partito-democratico-italia-democratica-e-progressista,bonus-2022-camera-coalition-alleanza-verdi-e-sinistra-europa-impegno-civico-luigi-di-maio-centro-democratico-partito-democratico-italia-democratica-e-progressista-42,42,Gallo,Elena,europa
camera,coalition-alleanza-verdi-e-sinistra-europa-impegno-civico-luigi-di-maio-centro-democratico-partito-democratico-italia-democratica-e-progressista,bonus-2022-camera-coalition-alleanza-verdi-e-sinistra-europa-impegno-civico-luigi-di-maio-centro-democratico-partito-democratico-italia-democratica-e-progressista-43,43,Ferrari,Davide,impegno-civico-luigi-di-maio-centro-democratico
camera,coalition-alleanza-verdi-e-sinistra-europa-impegno-civico-luigi-di-maio-centro-democratico-partito-democratico-italia-democratica-e-progressista,bonus-2022-camera-coalition-alleanza-verdi-e-sinistra-europa-impegno-civico-luigi-di-maio-centro-democratico-partito-democratico-italia-democratica-e-progressista-44,44,Mancini,Silvia,partito-democratico-italia-democratica-e-progressista
camera,coalition-alleanza-verdi-e-sinistra-europa-impegno-civico-luigi-di-maio-centro-democratico-partito-democratico-italia-democratica-e-progressista,bonus-2022-camera-coalition-alleanza-verdi-e-sinistra-europa-impegno-civico-luigi-di-maio-centro-democratico-partito-democratico-italia-democratica-e-progressista-45,45,Bruno,Elena,alleanza-verdi-e-sinistra
camera,coalition-alleanza-verdi-e-sinistra-europa-impegno-civico-luigi-di-maio-centro-democratico-partito-democratico-italia-democratica-e-progressista,bonus-2022-camera-coalition-alleanza-verdi-e-sinistra-europa-impegno-civico-luigi-di-maio-centro-democratico-partito-democratico-italia-democratica-e-progressista-46,46,De Luca,Silvia,europa
camera,coalition-alleanza-verdi-e-sinistra-europa-impegno-civico-luigi-di-maio-centro-democratico-partito-democratico-italia-democratica-e-progressista,bonus-2022-camera-coalition-alleanza-verdi-e-sinistra-europa-impegno-civico-luigi-di-maio-centro-democratico-partito-democratico-italia-democratica-e-progressista-47,47,Mancini,Paolo,impegno-civico-luigi-di-maio-centro-democratico
camera,coalition-alleanza-verdi-e-sinistra-europa-impegno-civico-luigi-di-maio-centro-democratico-partito-democratico-italia-democratica-e-progressista,bonus-2022-camera-coalition-alleanza-verdi-e-sinistra-europa-impegno-civico-luigi-di-maio-centro-democratico-partito-democratico-italia-democratica-e-progressista-48,48,Bruno,Sara,partito-democratico-italia-democratica-e-progressista
camera,coalition-alleanza-verdi-e-sinistra-europa-impegno-civico-luigi-di-maio-centro-democratico-partito-democratico-italia-democratica-e-progressista,bonus-2022-camera-coalition-alleanza-verdi-e-sinistra-europa-impegno-civico-luigi-di-maio-centro-democratico-partito-democratico-italia-democratica-e-progressista-49,49,De Luca,Paolo,alleanza-verdi-e-sinistra
camera,coalition-alleanza-verdi-e-sinistra-europa-impegno-civico-luigi-di-maio-centro-democratico-partito-democratico-italia-democratica-e-progressista,bonus-2022-camera-coalition-alleanza-verdi-e-sinistra-europa-impegno-civico-luigi-di-maio-centro-democratico-partito-democratico-italia-democratica-e-progressista-50,50,Rossi,Francesco,europa
camera,coalition-alleanza-verdi-e-sinistra-europa-impegno-civico-luigi-di-maio-centro-democratico-partito-democratico-italia-democratica-e-progressista,bonus-2022-camera-coalition-alleanza-verdi-e-sinistra-europa-impegno-civico-luigi-di-maio-centro-democratico-partito-democratico-italia-democratica-e-progressista-51,51,Marino,Matteo,impegno-civico-luigi-di-maio-centro-democratico
camera,coalition-alleanza-verdi-e-sinistra-europa-impegno-civico-luigi-di-maio-centro-democratico-partito-democratico-italia-democratica-e-progressista,bonus-2022-camera-coalition-alleanza-verdi-e-sinistra-europa-impegno-civico-luigi-di-maio-centro-democratico-partito-democratico-italia-democratica-e-progressista-52,52,Romano,Chiara,partito-democratico-italia-democratica-e-progressista
camera,coalition-alleanza-verdi-e-sinistra-europa-impegno-civico-luigi-di-maio-centro-democratico-partito-democratico-italia-democratica-e-progressista,bonus-2022-camera-coalition-alleanza-verdi-e-sinistra-europa-impegno-civico-luigi-di-maio-centro-democratico-partito-democratico-italia-democratica-e-progressista-53,53,Marino,Luca,alleanza-verdi-e-sinistra
camera,coalition-alleanza-verdi-e-sinistra-europa-impegno-civico-luigi-di-maio-centro-democratico-partito-democratico-italia-democratica-e-progressista,bonus-2022-camera-coalition-alleanza-verdi-e-sinistra-europa-impegno-civico-luigi-di-maio-centro-democratico-partito-democratico-italia-democratica-e-progressista-54,54,Greco,Andrea,europa
camera,coalition-alleanza-verdi-e-sinistra-europa-impegno-civico-luigi-di-maio-centro-democratico-partito-democratico-italia-democratica-e-progressista,bonus-2022-camera-coalition-alleanza-verdi-e-sinistra-europa-impegno-civico-luigi-di-maio-centro-democratico-partito-democratico-italia-democratica-e-progressista-55,55,Gallo,Sara,impegno-civico-luigi-di-maio-centro-democratico
camera,coalition-alleanza-verdi-e-sinistra-europa-impegno-civico-luigi-di-maio-centro-democratico-partito-democratico-italia-democratica-e-progressista,bonus-2022-camera-coalition-alleanza-verdi-e-sinistra-europa-impegno-civico-luigi-di-maio-centro-democratico-partito-democratico-italia-democratica-e-progressista-56,56,Costa,Chiara,partito-democratico-italia-democratica-e-progressista
camera,coalition-alleanza-verdi-e-sinistra-europa-impegno-civico-luigi-di-maio-centro-democratico-partito-democratico-italia-democratica-e-progressista,bonus-2022-camera-coalition-alleanza-verdi-e-sinistra-europa-impegno-civico-luigi-di-maio-centro-democratico-partito-democratico-italia-democratica-e-progressista-57,57,Marino,Chiara,alleanza-verdi-e-sinistra
camera,coalition-alleanza-verdi-e-sinistra-europa-impegno-civico-luigi-di-maio-centro-democratico-partito-democratico-italia-democratica-e-progressista,bonus-2022-camera-coalition-alleanza-verdi-e-sinistra-europa-impegno-civico-luigi-di-maio-centro-democratico-partito-democratico-italia-democratica-e-progressista-58,58,Ricci,Chiara,europa
camera,coalition-alleanza-verdi-e-sinistra-europa-impegno-civico-luigi-di-maio-centro-democratico-partito-democratico-italia-democratica-e-progressista,bonus-2022-camera-coalition-alleanza-verdi-e-sinistra-europa-impegno-civico-luigi-di-maio-centro-democratico-partito-democratico-italia-democratica-e-progressista-59,59,Gallo,Marco,impegno-civico-luigi-di-maio-centro-democratico
camera,coalition-alleanza-verdi-e-sinistra-europa-impegno-civico-luigi-di-maio-centro-democratico-partito-democratico-italia-democratica-e-progressista,bonus-2022-camera-coalition-alleanza-verdi-e-sinistra-europa-impegno-civico-luigi-di-maio-centro-democratico-partito-democratico-italia-democratica-e-progressista-60,60,Colombo,Matteo,partito-democratico-italia-democratica-e-progressista
camera,coalition-alleanza-verdi-e-sinistra-europa-impegno-civico-luigi-di-maio-centro-democratico-partito-democratico-italia-democratica-e-progressista,bonus-2022-camera-coalition-alleanza-verdi-e-sinistra-europa-impegno-civico-luigi-di-maio-centro-democratico-partito-democratico-italia-democratica-e-progressista-61,61,Conti,Davide,alleanza-verdi-e-sinistra
camera,coalition-alleanza-verdi-e-sinistra-europa-impegno-civico-luigi-di-maio-centro-democratico-partito-democratico-italia-democratica-e-progressista,bonus-2022-camera-coalition-alleanza-verdi-e-sinistra-europa-impegno-civico-luigi-di-maio-centro-democratico-partito-democratico-italia-democratica-e-progressista-62,62,De Luca,Andrea,europa
camera,coalition-alleanza-verdi-e-sinistra-europa-impegno-civico-luigi-di-maio-centro-democratico-partito-democratico-italia-democratica-e-progressista,bonus-2022-camera-coalition-alleanza-verdi-e-sinistra-europa-impegno-civico-luigi-di-maio-centro-democratico-partito-democratico-italia-democratica-e-progressista-63,63,Giordano,Maria,impegno-civico-luigi-di-maio-centro-democratico
camera,coalition-alleanza-verdi-e-sinistra-europa-impegno-civico-luigi-di-maio-centro-democratico-partito-democratico-italia-democratica-e-progressista,bonus-2022-camera-coalition-alleanza-verdi-e-sinistra-europa-impegno-civico-luigi-di-maio-centro-democratico-partito-democratico-italia-democratica-e-progressista-64,64,Greco,Sara,partito-democratico-italia-democratica-e-progressista
camera,coalition-alleanza-verdi-e-sinistra-europa-impegno-civico-luigi-di-maio-centro-democratico-partito-democratico-italia-democratica-e-progressista,bonus-2022-camera-coalition-alleanza-verdi-e-sinistra-europa-impegno-civico-luigi-di-maio-centro-democratico-partito-democratico-italia-democratica-e-progressista-65,65,Ricci,Anna,alleanza-verdi-e-sinistra
camera,coalition-alleanza-verdi-e-sinistra-europa-impegno-civico-luigi-di-maio-centro-democratico-partito-democratico-italia-democratica-e-progressista,bonus-2022-camera-coalition-alleanza-verdi-e-sinistra-europa-impegno-civico-luigi-di-maio-centro-democratico-partito-democratico-italia-democratica-e-progressista-66,66,Costa,Francesco,europa
camera,coalition-alleanza-verdi-e-sinistra-europa-impegno-civico-luigi-di-maio-centro-democratico-partito-democratico-italia-democratica-e-progressista,bonus-2022-camera-coalition-alleanza-verdi-e-sinistra-europa-impegno-civico-luigi-di-maio-centro-democratico-partito-democratico-italia-democratica-e-progressista-67,67,Gallo,Giulia,impegno-civico-luigi-di-maio-centro-democratico
camera,coalition-alleanza-verdi-e-sinistra-europa-impegno-civico-luigi-di-maio-centro-democratico-partito-democratico-italia-democratica-e-progressista,bonus-2022-camera-coalition-alleanza-verdi-e-sinistra-europa-impegno-civico-luigi-di-maio-centro-democratico-partito-democratico-italia-democratica-e-progressista-68,68,Marino,Anna,partito-democratico-italia-democratica-e-progressista
camera,coalition-alleanza-verdi-e-sinistra-europa-impegno-civico-luigi-di-maio-centro-democratico-partito-democratico-italia-democratica-e-progressista,bonus-2022-camera-coalition-alleanza-verdi-e-sinistra-europa-impegno-civico-luigi-di-maio-centro-democratico-partito-democratico-italia-democratica-e-progressista-69,69,Conti,Andrea,alleanza-verdi-e-sinistra
camera,coalition-alleanza-verdi-e-sinistra-europa-impegno-civico-luigi-di-maio-centro-democratico-partito-democratico-italia-democratica-e-progressista,bonus-2022-camera-coalition-alleanza-verdi-e-sinistra-europa-impegno-civico-luigi-di-maio-centro-democratico-partito-democratico-italia-democratica-e-progressista-70,70,Rossi,Chiara,europa
senate,coalition-alleanza-verdi-e-sinistra-europa-impegno-civico-luigi-di-maio-centro-democratico-partito-democratico-italia-democratica-e-progressista,bonus-2022-senate-coalition-alleanza-verdi-e-sinistra-europa-impegno-civico-luigi-di-maio-centro-democratico-partito-democratico-italia-democratica-e-progressista-01,1,De Luca,Davide,alleanza-verdi-e-sinistra
senate,coalition-alleanza-verdi-e-sinistra-europa-impegno-civico-luigi-di-maio-centro-democratico-partito-democratico-italia-democratica-e-progressista,bonus-2022-senate-coalition-alleanza-verdi-e-sinistra-europa-impegno-civico-luigi-di-maio-centro-democratico-partito-democratico-italia-democratica-e-progressista-02,2,Mancini,Maria,europa
senate,coalition-alleanza-verdi-e-sinistra-europa-impegno-civico-luigi-di-maio-centro-democratico-partito-democratico-italia-democratica-e-progressista,bonus-2022-senate-coalition-alleanza-verdi-e-sinistra-europa-impegno-civico-luigi-di-maio-centro-democratico-partito-democratico-italia-democratica-e-progressista-03,3,Marino,Francesco,impegno-civico-luigi-di-maio-centro-democratico
senate,coalition-alleanza-verdi-e-sinistra-europa-impegno-civico-luigi-di-maio-centro-democratico-partito-democratico-italia-democratica-e-progressista,bonus-2022-senate-coalition-alleanza-verdi-e-sinistra-europa-impegno-civico-luigi-di-maio-centro-democratico-partito-democratico-italia-democratica-e-progressista-04,4,Marino,Silvia,partito-democratico-italia-democratica-e-progressista
senate,coalition-alleanza-verdi-e-sinistra-europa-impegno-civico-luigi-di-maio-centro-democratico-partito-democratico-italia-democratica-e-progressista,bonus-2022-senate-coalition-alleanza-verdi-e-sinistra-europa-impegno-civico-luigi-di-maio-centro-democratico-partito-democratico-italia-democratica-e-progressista-05,5,Marino,Chiara,alleanza-verdi-e-sinistra
senate,coalition-alleanza-verdi-e-sinistra-europa-impegno-civico-luigi-di-maio-centro-democratico-partito-democratico-italia-democratica-e-progressista,bonus-2022-senate-coalition-alleanza-verdi-e-sinistra-europa-impegno-civico-luigi-di-maio-centro-democratico-partito-democratico-italia-democratica-e-progressista-06,6,Bruno,Giulia,europa
senate,coalition-alleanza-verdi-e-sinistra-europa-impegno-civico-luigi-di-maio-centro-democratico-partito-democratico-italia-democratica-e-progressista,bonus-2022-senate-coalition-alleanza-verdi-e-sinistra-europa-impegno-civico-luigi-di-maio-centro-democratico-partito-democratico-italia-democratica-e-progressista-07,7,Rossi,Andrea,impegno-civico-luigi-di-maio-centro-democratico
senate,coalition-alleanza-verdi-e-sinistra-europa-impegno-civico-luigi-di-maio-centro-democratico-partito-democratico-italia-democratica-e-progressista,bonus-2022-senate-coalition-alleanza-verdi-e-sinistra-europa-impegno-civico-luigi-di-maio-centro-democratico-partito-democratico-italia-democratica-e-progressista-08,8,Rossi,Anna,partito-democratico-italia-democratica-e-progressista
senate,coalition-alleanza-verdi-e-sinistra-europa-impegno-civico-luigi-di-maio-centro-democratico-partito-democratico-italia-democratica-e-progressista,bonus-2022-senate-coalition-alleanza-verdi-e-sinistra-europa-impegno-civico-luigi-di-maio-centro-democratico-partito-democratico-italia-democratica-e-progressista-09,9,Bianchi,Maria,alleanza-verdi-e-sinistra
senate,coalition-alleanza-verdi-e-sinistra-europa-impegno-civico-luigi-di-maio-centro-democratico-partito-democratico-italia-democratica-e-progressista,bonus-2022-senate-coalition-alleanza-verdi-e-sinistra-europa-impegno-civico-luigi-di-maio-centro-democratico-partito-democratico-italia-democratica-e-progressista-10,10,Bianchi,Maria,europa
senate,coalition-alleanza-verdi-e-sinistra-europa-impegno-civico-luigi-di-maio-centro-democratico-partito-democratico-italia-democratica-e-progressista,bonus-2022-senate-coalition-alleanza-verdi-e-sinistra-europa-impegno-civico-luigi-di-maio-centro-democratico-partito-democratico-italia-democratica-e-progressista-11,11,Romano,Laura,impegno-civico-luigi-di-maio-centro-democratico
senate,coalition-alleanza-verdi-e-sinistra-europa-impegno-civico-luigi-di-maio-centro-democratico-partito-democratico-italia-democratica-e-progressista,bonus-2022-senate-coalition-alleanza-verdi-e-sinistra-europa-impegno-civico-luigi-di-maio-centro-democratico-partito-democratico-italia-democratica-e-progressista-12,12,Rossi,Laura,partito-democratico-italia-democratica-e-progressista
senate,coalition-alleanza-verdi-e-sinistra-europa-impegno-civico-luigi-di-maio-centro-democratico-partito-democratico-italia-democratica-e-progressista,bonus-2022-senate-coalition-alleanza-verdi-e-sinistra-europa-impegno-civico-luigi-di-maio-centro-democratico-partito-democratico-italia-democratica-e-progressista-13,13,De Luca,Chiara,alleanza-verdi-e-sinistra
senate,coalition-alleanza-verdi-e-sinistra-europa-impegno-civico-luigi-di-maio-centro-democratico-partito-democratico-italia-democratica-e-progressista,bonus-2022-senate-coalition-alleanza-verdi-e-sinistra-europa-impegno-civico-luigi-di-maio-centro-democratico-partito-democratico-italia-democratica-e-progressista-14,14,Gallo,Silvia,europa
senate,coalition-alleanza-verdi-e-sinistra-europa-impegno-civico-luigi-di-maio-centro-democratico-partito-democratico-italia-democratica-e-progressista,bonus-2022-senate-coalition-alleanza-verdi-e-sinistra-europa-impegno-civico-luigi-di-maio-centro-democratico-partito-democratico-italia-democratica-e-progressista-15,15,Costa,Maria,impegno-civico-luigi-di-maio-centro-democratico
senate,coalition-alleanza-verdi-e-sinistra-europa-impegno-civico-luigi-di-maio-centro-democratico-partito-democratico-italia-democratica-e-progressista,bonus-2022-senate-coalition-alleanza-verdi-e-sinistra-europa-impegno-civico-luigi-di-maio-centro-democratico-partito-democratico-italia-democratica-e-progressista-16,16,Giordano,Andrea,partito-democratico-italia-democratica-e-progressista
senate,coalition-alleanza-verdi-e-sinistra-europa-impegno-civico-luigi-di-maio-centro-democratico-partito-democratico-italia-democratica-e-progressista,bonus-2022-senate-coalition-alleanza-verdi-e-sinistra-europa-impegno-civico-luigi-di-maio-centro-democratico-partito-democratico-italia-democratica-e-progressista-17,17,Giordano,Francesco,alleanza-verdi-e-sinistra
senate,coalition-alleanza-verdi-e-sinistra-europa-impegno-civico-luigi-di-maio-centro-democratico-partito-democratico-italia-democratica-e-progressista,bonus-2022-senate-coalition-alleanza-verdi-e-sinistra-europa-impegno-civico-luigi-di-maio-centro-democratico-partito-democratico-italia-democratica-e-progressista-18,18,Giordano,Chiara,europa
senate,coalition-alleanza-verdi-e-sinistra-europa-impegno-civico-luigi-di-maio-centro-democratico-partito-democratico-italia-democratica-e-progressista,bonus-2022-senate-coalition-alleanza-verdi-e-sinistra-europa-impegno-civico-luigi-di-maio-centro-democratico-partito-democratico-italia-democratica-e-progressista-19,19,Bruno,Giulia,impegno-civico-luigi-di-maio-centro-democratico
senate,coalition-alleanza-verdi-e-sinistra-europa-impegno-civico-luigi-di-maio-centro-democratico-partito-democratico-italia-democratica-e-progressista,bonus-2022-senate-coalition-alleanza-verdi-e-sinistra-europa-impegno-civico-luigi-di-maio-centro-democratico-partito-democratico-italia-democratica-e-progressista-20,20,Giordano,Matteo,partito-democratico-italia-democratica-e-progressista
senate,coalition-alleanza-verdi-e-sinistra-europa-impegno-civico-luigi-di-maio-centro-democratico-partito-democratico-italia-democratica-e-progressista,bonus-2022-senate-coalition-alleanza-verdi-e-sinistra-europa-impegno-civico-luigi-di-maio-centro-democratico-partito-democratico-italia-democratica-e-progressista-21,21,Bianchi,Silvia,alleanza-verdi-e-sinistra
senate,coalition-alleanza-verdi-e-sinistra-europa-impegno-civico-luigi-di-maio-centro-democratico-partito-democratico-italia-democratica-e-progressista,bonus-2022-senate-coalition-alleanza-verdi-e-sinistra-europa-impegno-civico-luigi-di-maio-centro-democratico-partito-democratico-italia-democratica-e-progressista-22,22,Bruno,Anna,europa
senate,coalition-alleanza-verdi-e-sinistra-europa-impegno-civico-luigi-di-maio-centro-democratico-partito-democratico-italia-democratica-e-progressista,bonus-2022-senate-coalition-alleanza-verdi-e-sinistra-europa-impegno-civico-luigi-di-maio-centro-democratico-partito-democratico-italia-democratica-e-progressista-23,23,Ricci,Francesco,impegno-civico-luigi-di-maio-centro-democratico
senate,coalition-alleanza-verdi-e-sinistra-europa-impegno-civico-luigi-di-maio-centro-democratico-partito-democratico-italia-democratica-e-progressista,bonus-2022-senate-coalition-alleanza-verdi-e-sinistra-europa-impegno-civico-luigi-di-maio-centro-democratico-partito-democratico-italia-democratica-e-progressista-24,24,Costa,Davide,partito-democratico-italia-democratica-e-progressista
senate,coalition-alleanza-verdi-e-sinistra-europa-impegno-civico-luigi-di-maio-centro-democratico-partito-democratico-italia-democratica-e-progressista,bonus-2022-senate-coalition-alleanza-verdi-e-sinistra-europa-impegno-civico-luigi-di-maio-centro-democratico-partito-democratico-italia-democratica-e-progressista-25,25,Marino,Sara,alleanza-verdi-e-sinistra
senate,coalition-alleanza-verdi-e-sinistra-europa-impegno-civico-luigi-di-maio-centro-democratico-partito-democratico-italia-democratica-e-progressista,bonus-2022-senate-coalition-alleanza-verdi-e-sinistra-europa-impegno-civico-luigi-di-maio-centro-democratico-partito-democratico-italia-democratica-e-progressista-26,26,Conti,Luca,europa
senate,coalition-alleanza-verdi-e-sinistra-europa-impegno-civico-luigi-di-maio-centro-democratico-partito-democratico-italia-democratica-e-progressista,bonus-2022-senate-coalition-alleanza-verdi-e-sinistra-europa-impegno-civico-luigi-di-maio-centro-democratico-partito-democratico-italia-democratica-e-progressista-27,27,Conti,Marco,impegno-civico-luigi-di-maio-centro-democratico
senate,coalition-alleanza-verdi-e-sinistra-europa-impegno-civico-luigi-di-maio-centro-democratico-partito-democratico-italia-democratica-e-progressista,bonus-2022-senate-coalition-alleanza-verdi-e-sinistra-europa-impegno-civico-luigi-di-maio-centro-democratico-partito-democratico-italia-democratica-e-progressista-28,28,Bruno,Matteo,partito-democratico-italia-democratica-e-progressista
senate,coalition-alleanza-verdi-e-sinistra-europa-impegno-civico-luigi-di-maio-centro-democratico-partito-democratico-italia-democratica-e-progressista,bonus-2022-senate-coalition-alleanza-verdi-e-sinistra-europa-impegno-civico-luigi-di-maio-centro-democratico-partito-democratico-italia-democratica-e-progressista-29,29,Colombo,Francesco,alleanza-verdi-e-sinistra
senate,coalition-alleanza-verdi-e-sinistra-europa-impegno-civico-luigi-di-maio-centro-democratico-partito-democratico-italia-democratica-e-progressista,bonus-2022-senate-coalition-alleanza-verdi-e-sinistra-europa-impegno-civico-luigi-di-maio-centro-democratico-partito-democratico-italia-democratica-e-progressista-30,30,Ferrari,Sara,europa
senate,coalition-alleanza-verdi-e-sinistra-europa-impegno-civico-luigi-di-maio-centro-democratico-partito-democratico-italia-democratica-e-progressista,bonus-2022-senate-coalition-alleanza-verdi-e-sinistra-europa-impegno-civico-luigi-di-maio-centro-democratico-partito-democratico-italia-democratica-e-progressista-31,31,Bruno,Sara,impegno-civico-luigi-di-maio-centro-democratico
senate,coalition-alleanza-verdi-e-sinistra-europa-impegno-civico-luigi-di-maio-centro-democratico-partito-democratico-italia-democratica-e-progressista,bonus-2022-senate-coalition-alleanza-verdi-e-sinistra-europa-impegno-civico-luigi-di-maio-centro-democratico-partito-democratico-italia-democratica-e-progressista-32,32,Costa,Silvia,partito-democratico-italia-democratica-e-progressista
senate,coalition-alleanza-verdi-e-sinistra-europa-impegno-civico-luigi-di-maio-centro-democratico-partito-democratico-italia-democratica-e-progressista,bonus-2022-senate-coalition-alleanza-verdi-e-sinistra-europa-impegno-civico-luigi-di-maio-centro-democratico-partito-democratico-italia-democratica-e-progressista-33,33,Mancini,Francesco,alleanza-verdi-e-sinistra
senate,coalition-alleanza-verdi-e-sinistra-europa-impegno-civico-luigi-di-maio-centro-democratico-partito-democratico-italia-democratica-e-progressista,bonus-2022-senate-coalition-alleanza-verdi-e-sinistra-europa-impegno-civico-luigi-di-maio-centro-democratico-partito-democratico-italia-democratica-e-progressista-34,34,Greco,Andrea,europa
senate,coalition-alleanza-verdi-e-sinistra-europa-impegno-civico-luigi-di-maio-centro-democratico-partito-democratico-italia-democratica-e-progressista,bonus-2022-senate-coalition-alleanza-verdi-e-sinistra-europa-impegno-civico-luigi-di-maio-centro-democratico-partito-democratico-italia-democratica-e-progressista-35,35,Costa,Anna,impegno-civico-luigi-di-maio-centro-democratico
camera,coalition-forza-italia-fratelli-d-italia-con-giorgia-meloni-lega-per-salvini-premier-noi-moderati-lupi-toti-brugnaro-udc,bonus-2022-camera-coalition-forza-italia-fratelli-d-italia-con-giorgia-meloni-lega-per-salvini-premier-noi-moderati-lupi-toti-brugnaro-udc-01,1,Mancini,Davide,forza-italia
camera,coalition-forza-italia-fratelli-d-italia-con-giorgia-meloni-lega-per-salvini-premier-noi-moderati-lupi-toti-brugnaro-udc,bonus-2022-camera-coalition-forza-italia-fratelli-d-italia-con-giorgia-meloni-lega-per-salvini-premier-noi-moderati-lupi-toti-brugnaro-udc-02,2,Conti,Marco,fratelli-d-italia-con-giorgia-meloni
camera,coalition-forza-italia-fratelli-d-italia-con-giorgia-meloni-lega-per-salvini-premier-noi-moderati-lupi-toti-brugnaro-udc,bonus-2022-camera-coalition-forza-italia-fratelli-d-italia-con-giorgia-meloni-lega-per-salvini-premier-noi-moderati-lupi-toti-brugnaro-udc-03,3,Mancini,Giulia,lega-per-salvini-premier
camera,coalition-forza-italia-fratelli-d-italia-con-giorgia-meloni-lega-per-salvini-premier-noi-moderati-lupi-toti-brugnaro-udc,bonus-2022-camera-coalition-forza-italia-fratelli-d-italia-con-giorgia-meloni-lega-per-salvini-premier-noi-moderati-lupi-toti-brugnaro-udc-04,4,Colombo,Silvia,noi-moderati-lupi-toti-brugnaro-udc
camera,coalition-forza-italia-fratelli-d-italia-con-giorgia-meloni-lega-per-salvini-premier-noi-moderati-lupi-toti-brugnaro-udc,bonus-2022-camera-coalition-forza-italia-fratelli-d-italia-con-giorgia-meloni-lega-per-salvini-premier-noi-moderati-lupi-toti-brugnaro-udc-05,5,Conti,Maria,forza-italia
camera,coalition-forza-italia-fratelli-d-italia-con-giorgia-meloni-lega-per-salvini-premier-noi-moderati-lupi-toti-brugnaro-udc,bonus-2022-camera-coalition-forza-italia-fratelli-d-italia-con-giorgia-meloni-lega-per-salvini-premier-noi-moderati-lupi-toti-brugnaro-udc-06,6,Colombo,Paolo,fratelli-d-italia-con-giorgia-meloni
camera,coalition-forza-italia-fratelli-d-italia-con-giorgia-meloni-lega-per-salvini-premier-noi-moderati-lupi-toti-brugnaro-udc,bonus-2022-camera-coalition-forza-italia-fratelli-d-italia-con-giorgia-meloni-lega-per-salvini-premier-noi-moderati-lupi-toti-brugnaro-udc-07,7,Costa,Davide,lega-per-salvini-premier
camera,coalition-forza-italia-fratelli-d-italia-con-giorgia-meloni-lega-per-salvini-premier-noi-moderati-lupi-toti-brugnaro-udc,bonus-2022-camera-coalition-forza-italia-fratelli-d-italia-con-giorgia-meloni-lega-per-salvini-premier-noi-moderati-lupi-toti-brugnaro-udc-08,8,Marino,Laura,noi-moderati-lupi-toti-brugnaro-udc
camera,coalition-forza-italia-fratelli-d-italia-con-giorgia-meloni-lega-per-salvini-premier-noi-moderati-lupi-toti-brugnaro-udc,bonus-2022-camera-coalition-forza-italia-fratelli-d-italia-con-giorgia-meloni-lega-per-salvini-premier-noi-moderati-lupi-toti-brugnaro-udc-09,9,Colombo,Chiara,forza-italia
camera,coalition-forza-italia-fratelli-d-italia-con-giorgia-meloni-lega-per-salvini-premier-noi-moderati-lupi-toti-brugnaro-udc,bonus-2022-camera-coalition-forza-italia-fratelli-d-italia-con-giorgia-meloni-lega-per-salvini-premier-noi-moderati-lupi-toti-brugnaro-udc-10,10,Marino,Anna,fratelli-d-italia-con-giorgia-meloni
camera,coalition-forza-italia-fratelli-d-italia-con-giorgia-meloni-lega-per-salvini-premier-noi-moderati-lupi-toti-brugnaro-udc,bonus-2022-camera-coalition-forza-italia-fratelli-d-italia-con-giorgia-meloni-lega-per-salvini-premier-noi-moderati-lupi-toti-brugnaro-udc-11,11,Ricci,Francesco,lega-per-salvini-premier
camera,coalition-forza-italia-fratelli-d-italia-con-giorgia-meloni-lega-per-salvini-premier-noi-moderati-lupi-toti-brugnaro-udc,bonus-2022-camera-coalition-forza-italia-fratelli-d-italia-con-giorgia-meloni-lega-per-salvini-premier-noi-moderati-lupi-toti-brugnaro-udc-12,12,Bianchi,Matteo,noi-moderati-lupi-toti-brugnaro-udc
camera,coalition-forza-italia-fratelli-d-italia-con-giorgia-meloni-lega-per-salvini-premier-noi-moderati-lupi-toti-brugnaro-udc,bonus-2022-camera-coalition-forza-italia-fratelli-d-italia-con-giorgia-meloni-lega-per-salvini-premier-noi-moderati-lupi-toti-brugnaro-udc-13,13,Bruno,Marco,forza-italia
camera,coalition-forza-italia-fratelli-d-italia-con-giorgia-meloni-lega-per-salvini-premier-noi-moderati-lupi-toti-brugnaro-udc,bonus-2022-camera-coalition-forza-italia-fratelli-d-italia-con-giorgia-meloni-lega-per-salvini-premier-noi-moderati-lupi-toti-brugnaro-udc-14,14,Giordano,Luca,fratelli-d-italia-con-giorgia-meloni
camera,coalition-forza-italia-fratelli-d-italia-con-giorgia-meloni-lega-per-salvini-premier-noi-moderati-lupi-toti-brugnaro-udc,bonus-2022-camera-coalition-forza-italia-fratelli-d-italia-con-giorgia-meloni-lega-per-salvini-premier-noi-moderati-lupi-toti-brugnaro-udc-15,15,Costa,Elena,lega-per-salvini-premier
camera,coalition-forza-italia-fratelli-d-italia-con-giorgia-meloni-lega-per-salvini-premier-noi-moderati-lupi-toti-brugnaro-udc,bonus-2022-camera-coalition-forza-italia-fratelli-d-italia-con-giorgia-meloni-lega-per-salvini-premier-noi-moderati-lupi-toti-brugnaro-udc-16,16,Rossi,Paolo,noi-moderati-lupi-toti-brugnaro-udc
camera,coalition-forza-italia-fratelli-d-italia-con-giorgia-meloni-lega-per-salvini-premier-noi-moderati-lupi-toti-brugnaro-udc,bonus-2022-camera-coalition-forza-italia-fratelli-d-italia-con-giorgia-meloni-lega-per-salvini-premier-noi-moderati-lupi-toti-brugnaro-udc-17,17,Bianchi,Davide,forza-italia
camera,coalition-forza-italia-fratelli-d-italia-con-giorgia-meloni-lega-per-salvini-premier-noi-moderati-lupi-toti-brugnaro-udc,bonus-2022-camera-coalition-forza-italia-fratelli-d-italia-con-giorgia-meloni-lega-per-salvini-premier-noi-moderati-lupi-toti-brugnaro-udc-18,18,Costa,Sara,fratelli-d-italia-con-giorgia-meloni
camera,coalition-forza-italia-fratelli-d-italia-con-giorgia-meloni-lega-per-salvini-premier-noi-moderati-lupi-toti-brugnaro-udc,bonus-2022-camera-coalition-forza-italia-fratelli-d-italia-con-giorgia-meloni-lega-per-salvini-premier-noi-moderati-lupi-toti-brugnaro-udc-19,19,De Luca,Giulia,lega-per-salvini-premier
camera,coalition-forza-italia-fratelli-d-italia-con-giorgia-meloni-lega-per-salvini-premier-noi-moderati-lupi-toti-brugnaro-udc,bonus-2022-camera-coalition-forza-italia-fratelli-d-italia-con-giorgia-meloni-lega-per-salvini-premier-noi-moderati-lupi-toti-brugnaro-udc-20,20,Marino,Anna,noi-moderati-lupi-toti-brugnaro-udc
camera,coalition-forza-italia-fratelli-d-italia-con-giorgia-meloni-lega-per-salvini-premier-noi-moderati-lupi-toti-brugnaro-udc,bonus-2022-camera-coalition-forza-italia-fratelli-d-italia-con-giorgia-meloni-lega-per-salvini-premier-noi-moderati-lupi-toti-brugnaro-udc-21,21,Costa,Laura,forza-italia
camera,coalition-forza-italia-fratelli-d-italia-con-giorgia-meloni-lega-per-salvini-premier-noi-moderati-lupi-toti-brugnaro-udc,bonus-2022-camera-coalition-forza-italia-fratelli-d-italia-con-giorgia-meloni-lega-per-salvini-premier-noi-moderati-lupi-toti-brugnaro-udc-22,22,Romano,Anna,fratelli-d-italia-con-giorgia-meloni
camera,coalition-forza-italia-fratelli-d-italia-con-giorgia-meloni-lega-per-salvini-premier-noi-moderati-lupi-toti-brugnaro-udc,bonus-2022-camera-coalition-forza-italia-fratelli-d-italia-con-giorgia-meloni-lega-per-salvini-premier-noi-moderati-lupi-toti-brugnaro-udc-23,23,Marino,Luca,lega-per-salvini-premier
camera,coalition-forza-italia-fratelli-d-italia-con-giorgia-meloni-lega-per-salvini-premier-noi-moderati-lupi-toti-brugnaro-udc,bonus-2022-camera-coalition-forza-italia-fratelli-d-italia-con-giorgia-meloni-lega-per-salvini-premier-noi-moderati-lupi-toti-brugnaro-udc-24,24,Ricci,Luca,noi-moderati-lupi-toti-brugnaro-udc
camera,coalition-forza-italia-fratelli-d-italia-con-giorgia-meloni-lega-per-salvini-premier-noi-moderati-lupi-toti-brugnaro-udc,bonus-2022-camera-coalition-forza-italia-fratelli-d-italia-con-giorgia-meloni-lega-per-salvini-premier-noi-moderati-lupi-toti-brugnaro-udc-25,25,Ricci,Chiara,forza-italia
camera,coalition-forza-italia-fratelli-d-italia-con-giorgia-meloni-lega-per-salvini-premier-noi-moderati-lupi-toti-brugnaro-udc,bonus-2022-camera-coalition-forza-italia-fratelli-d-italia-con-giorgia-meloni-lega-per-salvini-premier-noi-moderati-lupi-toti-brugnaro-udc-26,26,Giordano,Davide,fratelli-d-italia-con-giorgia-meloni
camera,coalition-forza-italia-fratelli-d-italia-con-giorgia-meloni-lega-per-salvini-premier-noi-moderati-lupi-toti-brugnaro-udc,bonus-2022-camera-coalition-forza-italia-fratelli-d-italia-con-giorgia-meloni-lega-per-salvini-premier-noi-moderati-lupi-toti-brugnaro-udc-27,27,Bianchi,Francesco,lega-per-salvini-premier
camera,coalition-forza-italia-fratelli-d-italia-con-giorgia-meloni-lega-per-salvini-premier-noi-moderati-lupi-toti-brugnaro-udc,bonus-2022-camera-coalition-forza-italia-fratelli-d-italia-con-giorgia-meloni-lega-per-salvini-premier-noi-moderati-lupi-toti-brugnaro-udc-28,28,Greco,Maria,noi-moderati-lupi-toti-brugnaro-udc
camera,coalition-forza-italia-fratelli-d-italia-con-giorgia-meloni-lega-per-salvini-premier-noi-moderati-lupi-toti-brugnaro-udc,bonus-2022-camera-coalition-forza-italia-fratelli-d-italia-con-giorgia-meloni-lega-per-salvini-premier-noi-moderati-lupi-toti-brugnaro-udc-29,29,Marino,Marco,forza-italia
camera,coalition-forza-italia-fratelli-d-italia-con-giorgia-meloni-lega-per-salvini-premier-noi-moderati-lupi-toti-brugnaro-udc,bonus-2022-camera-coalition-forza-italia-fratelli-d-italia-con-giorgia-meloni-lega-per-salvini-premier-noi-moderati-lupi-toti-brugnaro-udc-30,30,Bianchi,Anna,fratelli-d-italia-con-giorgia-meloni
camera,coalition-forza-italia-fratelli-d-italia-con-giorgia-meloni-lega-per-salvini-premier-noi-moderati-lupi-toti-brugnaro-udc,bonus-2022-camera-coalition-forza-italia-fratelli-d-italia-con-giorgia-meloni-lega-per-salvini-premier-noi-moderati-lupi-toti-brugnaro-udc-31,31,Conti,Anna,lega-per-salvini-premier
camera,coalition-forza-italia-fratelli-d-italia-con-giorgia-meloni-lega-per-salvini-premier-noi-moderati-lupi-toti-brugnaro-udc,bonus-2022-camera-coalition-forza-italia-fratelli-d-italia-con-giorgia-meloni-lega-per-salvini-premier-noi-moderati-lupi-toti-brugnaro-udc-32,32,Rossi,Paolo,noi-moderati-lupi-toti-brugnaro-udc
camera,coalition-forza-italia-fratelli-d-italia-con-giorgia-meloni-lega-per-salvini-premier-noi-moderati-lupi-toti-brugnaro-udc,bonus-2022-camera-coalition-forza-italia-fratelli-d-italia-con-giorgia-meloni-lega-per-salvini-premier-noi-moderati-lupi-toti-brugnaro-udc-33,33,Marino,Giulia,forza-italia
camera,coalition-forza-italia-fratelli-d-italia-con-giorgia-meloni-lega-per-salvini-premier-noi-moderati-lupi-toti-brugnaro-udc,bonus-2022-camera-coalition-forza-italia-fratelli-d-italia-con-giorgia-meloni-lega-per-salvini-premier-noi-moderati-lupi-toti-brugnaro-udc-34,34,Ferrari,Luca,fratelli-d-italia-con-giorgia-meloni
camera,coalition-forza-italia-fratelli-d-italia-con-giorgia-meloni-lega-per-salvini-premier-noi-moderati-lupi-toti-brugnaro-udc,bonus-2022-camera-coalition-forza-italia-fratelli-d-italia-con-giorgia-meloni-lega-per-salvini-premier-noi-moderati-lupi-toti-brugnaro-udc-35,35,Colombo,Sara,lega-per-salvini-premier
camera,coalition-forza-italia-fratelli-d-italia-con-giorgia-meloni-lega-per-salvini-premier-noi-moderati-lupi-toti-brugnaro-udc,bonus-2022-camera-coalition-forza-italia-fratelli-d-italia-con-giorgia-meloni-lega-per-salvini-premier-noi-moderati-lupi-toti-brugnaro-udc-36,36,Giordano,Francesco,noi-moderati-lupi-toti-brugnaro-udc
camera,coalition-forza-italia-fratelli-d-italia-con-giorgia-meloni-lega-per-salvini-premier-noi-moderati-lupi-toti-brugnaro-udc,bonus-2022-camera-coalition-forza-italia-fratelli-d-italia-con-giorgia-meloni-lega-per-salvini-premier-noi-moderati-lupi-toti-brugnaro-udc-37,37,Conti,Marco,forza-italia
camera,coalition-forza-italia-fratelli-d-italia-con-giorgia-meloni-lega-per-salvini-premier-noi-moderati-lupi-toti-brugnaro-udc,bonus-2022-camera-coalition-forza-italia-fratelli-d-italia-con-giorgia-meloni-lega-per-salvini-premier-noi-moderati-lupi-toti-brugnaro-udc-38,38,Bruno,Maria,fratelli-d-italia-con-giorgia-meloni
camera,coalition-forza-italia-fratelli-d-italia-con-giorgia-meloni-lega-per-salvini-premier-noi-moderati-lupi-toti-brugnaro-udc,bonus-2022-camera-coalition-forza-italia-fratelli-d-italia-con-giorgia-meloni-lega-per-salvini-premier-noi-moderati-lupi-toti-brugnaro-udc-39,39,Colombo,Davide,lega-per-salvini-premier
camera,coalition-forza-italia-fratelli-d-italia-con-giorgia-meloni-lega-per-salvini-premier-noi-moderati-lupi-toti-brugnaro-udc,bonus-2022-camera-coalition-forza-italia-fratelli-d-italia-con-giorgia-meloni-lega-per-salvini-premier-noi-moderati-lupi-toti-brugnaro-udc-40,40,Giordano,Laura,noi-moderati-lupi-toti-brugnaro-udc
camera,coalition-forza-italia-fratelli-d-italia-con-giorgia-meloni-lega-per-salvini-premier-noi-moderati-lupi-toti-brugnaro-udc,bonus-2022-camera-coalition-forza-italia-fratelli-d-italia-con-giorgia-meloni-lega-per-salvini-premier-noi-moderati-lupi-toti-brugnaro-udc-41,41,Colombo,Davide,forza-italia
camera,coalition-forza-italia-fratelli-d-italia-con-giorgia-meloni-lega-per-salvini-premier-noi-moderati-lupi-toti-brugnaro-udc,bonus-2022-camera-coalition-forza-italia-fratelli-d-italia-con-giorgia-meloni-lega-per-salvini-premier-noi-moderati-lupi-toti-brugnaro-udc-42,42,Ferrari,Laura,fratelli-d-italia-con-giorgia-meloni
camera,coalition-forza-italia-fratelli-d-italia-con-giorgia-meloni-lega-per-salvini-premier-noi-moderati-lupi-toti-brugnaro-udc,bonus-2022-camera-coalition-forza-italia-fratelli-d-italia-con-giorgia-meloni-lega-per-salvini-premier-noi-moderati-lupi-toti-brugnaro-udc-43,43,Giordano,Silvia,lega-per-salvini-premier
camera,coalition-forza-italia-fratelli-d-italia-con-giorgia-meloni-lega-per-salvini-premier-noi-moderati-lupi-toti-brugnaro-udc,bonus-2022-camera-coalition-forza-italia-fratelli-d-italia-con-giorgia-meloni-lega-per-salvini-premier-noi-moderati-lupi-toti-brugnaro-udc-44,44,Mancini,Marco,noi-moderati-lupi-toti-brugnaro-udc
camera,coalition-forza-italia-fratelli-d-italia-con-giorgia-meloni-lega-per-salvini-premier-noi-moderati-lupi-toti-brugnaro-udc,bonus-2022-camera-coalition-forza-italia-fratelli-d-italia-con-giorgia-meloni-lega-per-salvini-premier-noi-moderati-lupi-toti-brugnaro-udc-45,45,Rossi,Luca,forza-italia
camera,coalition-forza-italia-fratelli-d-italia-con-giorgia-meloni-lega-per-salvini-premier-noi-moderati-lupi-toti-brugnaro-udc,bonus-2022-camera-coalition-forza-italia-fratelli-d-italia-con-giorgia-meloni-lega-per-salvini-premier-noi-moderati-lupi-toti-brugnaro-udc-46,46,Giordano,Anna,fratelli-d-italia-con-giorgia-meloni
camera,coalition-forza-italia-fratelli-d-italia-con-giorgia-meloni-lega-per-salvini-premier-noi-moderati-lupi-toti-brugnaro-udc,bonus-2022-camera-coalition-forza-italia-fratelli-d-italia-con-giorgia-meloni-lega-per-salvini-premier-noi-moderati-lupi-toti-brugnaro-udc-47,47,Mancini,Giulia,lega-per-salvini-premier
camera,coalition-forza-italia-fratelli-d-italia-con-giorgia-meloni-lega-per-salvini-premier-noi-moderati-lupi-toti-brugnaro-udc,bonus-2022-camera-coalition-forza-italia-fratelli-d-italia-con-giorgia-meloni-lega-per-salvini-premier-noi-moderati-lupi-toti-brugnaro-udc-48,48,Rossi,Paolo,noi-moderati-lupi-toti-brugnaro-udc
camera,coalition-forza-italia-fratelli-d-italia-con-giorgia-meloni-lega-per-salvini-premier-noi-moderati-lupi-toti-brugnaro-udc,bonus-2022-camera-coalition-forza-italia-fratelli-d-italia-con-giorgia-meloni-lega-per-salvini-premier-noi-moderati-lupi-toti-brugnaro-udc-49,49,Mancini,Maria,forza-italia
camera,coalition-forza-italia-fratelli-d-italia-con-giorgia-meloni-lega-per-salvini-premier-noi-moderati-lupi-toti-brugnaro-udc,bonus-2022-camera-coalition-forza-italia-fratelli-d-italia-con-giorgia-meloni-lega-per-salvini-premier-noi-moderati-lupi-toti-brugnaro-udc-50,50,Ferrari,Sara,fratelli-d-italia-con-giorgia-meloni
camera,coalition-forza-italia-fratelli-d-italia-con-giorgia-meloni-lega-per-salvini-premier-noi-moderati-lupi-toti-brugnaro-udc,bonus-2022-camera-coalition-forza-italia-fratelli-d-italia-con-giorgia-meloni-lega-per-salvini-premier-noi-moderati-lupi-toti-brugnaro-udc-51,51,Bianchi,Anna,lega-per-salvini-premier
camera,coalition-forza-italia-fratelli-d-italia-con-giorgia-meloni-lega-per-salvini-premier-noi-moderati-lupi-toti-brugnaro-udc,bonus-2022-camera-coalition-forza-italia-fratelli-d-italia-con-giorgia-meloni-lega-per-salvini-premier-noi-moderati-lupi-toti-brugnaro-udc-52,52,Ferrari,Anna,noi-moderati-lupi-toti-brugnaro-udc
camera,coalition-forza-italia-fratelli-d-italia-con-giorgia-meloni-lega-per-salvini-premier-noi-moderati-lupi-toti-brugnaro-udc,bonus-2022-camera-coalition-forza-italia-fratelli-d-italia-con-giorgia-meloni-lega-per-salvini-premier-noi-moderati-lupi-toti-brugnaro-udc-53,53,Ricci,Marco,forza-italia
camera,coalition-forza-italia-fratelli-d-italia-con-giorgia-meloni-lega-per-salvini-premier-noi-moderati-lupi-toti-brugnaro-udc,bonus-2022-camera-coalition-forza-italia-fratelli-d-italia-con-giorgia-meloni-lega-per-salvini-premier-noi-moderati-lupi-toti-brugnaro-udc-54,54,Rossi,Matteo,fratelli-d-italia-con-giorgia-meloni
camera,coalition-forza-italia-fratelli-d-italia-con-giorgia-meloni-lega-per-salvini-premier-noi-moderati-lupi-toti-brugnaro-udc,bonus-2022-camera-coalition-forza-italia-fratelli-d-italia-con-giorgia-meloni-lega-per-salvini-premier-noi-moderati-lupi-toti-brugnaro-udc-55,55,De Luca,Anna,lega-per-salvini-premier
camera,coalition-forza-italia-fratelli-d-italia-con-giorgia-meloni-lega-per-salvini-premier-noi-moderati-lupi-toti-brugnaro-udc,bonus-2022-camera-coalition-forza-italia-fratelli-d-italia-con-giorgia-meloni-lega-per-salvini-premier-noi-moderati-lupi-toti-brugnaro-udc-56,56,Costa,Silvia,noi-moderati-lupi-toti-brugnaro-udc
camera,coalition-forza-italia-fratelli-d-italia-con-giorgia-meloni-lega-per-salvini-premier-noi-moderati-lupi-toti-brugnaro-udc,bonus-2022-camera-coalition-forza-italia-fratelli-d-italia-con-giorgia-meloni-lega-per-salvini-premier-noi-moderati-lupi-toti-brugnaro-udc-57,57,Ferrari,Luca,forza-italia
camera,coalition-forza-italia-fratelli-d-italia-con-giorgia-meloni-lega-per-salvini-premier-noi-moderati-lupi-toti-brugnaro-udc,bonus-2022-camera-coalition-forza-italia-fratelli-d-italia-con-giorgia-meloni-lega-per-salvini-premier-noi-moderati-lupi-toti-brugnaro-udc-58,58,Rossi,Andrea,fratelli-d-italia-con-giorgia-meloni
camera,coalition-forza-italia-fratelli-d-italia-con-giorgia-meloni-lega-per-salvini-premier-noi-moderati-lupi-toti-brugnaro-udc,bonus-2022-camera-coalition-forza-italia-fratelli-d-italia-con-giorgia-meloni-lega-per-salvini-premier-noi-moderati-lupi-toti-brugnaro-udc-59,59,Romano,Giulia,lega-per-salvini-premier
camera,coalition-forza-italia-fratelli-d-italia-con-giorgia-meloni-lega-per-salvini-premier-noi-moderati-lupi-toti-brugnaro-udc,bonus-2022-camera-coalition-forza-italia-fratelli-d-italia-con-giorgia-meloni-lega-per-salvini-premier-noi-moderati-lupi-toti-brugnaro-udc-60,60,Mancini,Matteo,noi-moderati-lupi-toti-brugnaro-udc
camera,coalition-forza-italia-fratelli-d-italia-con-giorgia-meloni-lega-per-salvini-premier-noi-moderati-lupi-toti-brugnaro-udc,bonus-2022-camera-coalition-forza-italia-fratelli-d-italia-con-giorgia-meloni-lega-per-salvini-premier-noi-moderati-lupi-toti-brugnaro-udc-61,61,Costa,Paolo,forza-italia
camera,coalition-forza-italia-fratelli-d-italia-con-giorgia-meloni-lega-per-salvini-premier-noi-moderati-lupi-toti-brugnaro-udc,bonus-2022-camera-coalition-forza-italia-fratelli-d-italia-con-giorgia-meloni-lega-per-salvini-premier-noi-moderati-lupi-toti-brugnaro-udc-62,62,Marino,Giulia,fratelli-d-italia-con-giorgia-meloni
camera,coalition-forza-italia-fratelli-d-italia-con-giorgia-meloni-lega-per-salvini-premier-noi-moderati-lupi-toti-brugnaro-udc,bonus-2022-camera-coalition-forza-italia-fratelli-d-italia-con-giorgia-meloni-lega-per-salvini-premier-noi-moderati-lupi-toti-brugnaro-udc-63,63,Colombo,Giulia,lega-per-salvini-premier
camera,coalition-forza-italia-fratelli-d-italia-con-giorgia-meloni-lega-per-salvini-premier-noi-moderati-lupi-toti-brugnaro-udc,bonus-2022-camera-coalition-forza-italia-fratelli-d-italia-con-giorgia-meloni-lega-per-salvini-premier-noi-moderati-lupi-toti-brugnaro-udc-64,64,Gallo,Chiara,noi-moderati-lupi-toti-brugnaro-udc
camera,coalition-forza-italia-fratelli-d-italia-con-giorgia-meloni-lega-per-salvini-premier-noi-moderati-lupi-toti-brugnaro-udc,bonus-2022-camera-coalition-forza-italia-fratelli-d-italia-con-giorgia-meloni-lega-per-salvini-premier-noi-moderati-lupi-toti-brugnaro-udc-65,65,Mancini,Sara,forza-italia
camera,coalition-forza-italia-fratelli-d-italia-con-giorgia-meloni-lega-per-salvini-premier-noi-moderati-lupi-toti-brugnaro-udc,bonus-2022-camera-coalition-forza-italia-fratelli-d-italia-con-giorgia-meloni-lega-per-salvini-premier-noi-moderati-lupi-toti-brugnaro-udc-66,66,Greco,Luca,fratelli-d-italia-con-giorgia-meloni
camera,coalition-forza-italia-fratelli-d-italia-con-giorgia-meloni-lega-per-salvini-premier-noi-moderati-lupi-toti-brugnaro-udc,bonus-2022-camera-coalition-forza-italia-fratelli-d-italia-con-giorgia-meloni-lega-per-salvini-premier-noi-moderati-lupi-toti-brugnaro-udc-67,67,Conti,Matteo,lega-per-salvini-premier
camera,coalition-forza-italia-fratelli-d-italia-con-giorgia-meloni-lega-per-salvini-premier-noi-moderati-lupi-toti-brugnaro-udc,bonus-2022-camera-coalition-forza-italia-fratelli-d-italia-con-giorgia-meloni-lega-per-salvini-premier-noi-moderati-lupi-toti-brugnaro-udc-68,68,Mancini,Marco,noi-moderati-lupi-toti-brugnaro-udc
camera,coalition-forza-italia-fratelli-d-italia-con-giorgia-meloni-lega-per-salvini-premier-noi-moderati-lupi-toti-brugnaro-udc,bonus-2022-camera-coalition-forza-italia-fratelli-d-italia-con-giorgia-meloni-lega-per-salvini-premier-noi-moderati-lupi-toti-brugnaro-udc-69,69,Bianchi,Marco,forza-italia
camera,coalition-forza-italia-fratelli-d-italia-con-giorgia-meloni-lega-per-salvini-premier-noi-moderati-lupi-toti-brugnaro-udc,bonus-2022-camera-coalition-forza-italia-fratelli-d-italia-con-giorgia-meloni-lega-per-salvini-premier-noi-moderati-lupi-toti-brugnaro-udc-70,70,Ferrari,Maria,fratelli-d-italia-con-giorgia-meloni
senate,coalition-forza-italia-fratelli-d-italia-con-giorgia-meloni-lega-per-salvini-premier-noi-moderati-lupi-toti-brugnaro-udc,bonus-2022-senate-coalition-forza-italia-fratelli-d-italia-con-giorgia-meloni-lega-per-salvini-premier-noi-moderati-lupi-toti-brugnaro-udc-01,1,Ferrari,Chiara,forza-italia
senate,coalition-forza-italia-fratelli-d-italia-con-giorgia-meloni-lega-per-salvini-premier-noi-moderati-lupi-toti-brugnaro-udc,bonus-2022-senate-coalition-forza-italia-fratelli-d-italia-con-giorgia-meloni-lega-per-salvini-premier-noi-moderati-lupi-toti-brugnaro-udc-02,2,Rossi,Francesco,fratelli-d-italia-con-giorgia-meloni
senate,coalition-forza-italia-fratelli-d-italia-con-giorgia-meloni-lega-per-salvini-premier-noi-moderati-lupi-toti-brugnaro-udc,bonus-2022-senate-coalition-forza-italia-fratelli-d-italia-con-giorgia-meloni-lega-per-salvini-premier-noi-moderati-lupi-toti-brugnaro-udc-03,3,Greco,Anna,lega-per-salvini-premier
senate,coalition-forza-italia-fratelli-d-italia-con-giorgia-meloni-lega-per-salvini-premier-noi-moderati-lupi-toti-brugnaro-udc,bonus-2022-senate-coalition-forza-italia-fratelli-d-italia-con-giorgia-meloni-lega-per-salvini-premier-noi-moderati-lupi-toti-brugnaro-udc-04,4,Costa,Matteo,noi-moderati-lupi-toti-brugnaro-udc
senate,coalition-forza-italia-fratelli-d-italia-con-giorgia-meloni-lega-per-salvini-premier-noi-moderati-lupi-toti-brugnaro-udc,bonus-2022-senate-coalition-forza-italia-fratelli-d-italia-con-giorgia-meloni-lega-per-salvini-premier-noi-moderati-lupi-toti-brugnaro-udc-05,5,Costa,Matteo,forza-italia
senate,coalition-forza-italia-fratelli-d-italia-con-giorgia-meloni-lega-per-salvini-premier-noi-moderati-lupi-toti-brugnaro-udc,bonus-2022-senate-coalition-forza-italia-fratelli-d-italia-con-giorgia-meloni-lega-per-salvini-premier-noi-moderati-lupi-toti-brugnaro-udc-06,6,Romano,Sara,fratelli-d-italia-con-giorgia-meloni
senate,coalition-forza-italia-fratelli-d-italia-con-giorgia-meloni-lega-per-salvini-premier-noi-moderati-lupi-toti-brugnaro-udc,bonus-2022-senate-coalition-forza-italia-fratelli-d-italia-con-giorgia-meloni-lega-per-salvini-premier-noi-moderati-lupi-toti-brugnaro-udc-07,7,Ricci,Silvia,lega-per-salvini-premier
senate,coalition-forza-italia-fratelli-d-italia-con-giorgia-meloni-lega-per-salvini-premier-noi-moderati-lupi-toti-brugnaro-udc,bonus-2022-senate-coalition-forza-italia-fratelli-d-italia-con-giorgia-meloni-lega-per-salvini-premier-noi-moderati-lupi-toti-brugnaro-udc-08,8,Greco,Giulia,noi-moderati-lupi-toti-brugnaro-udc
senate,coalition-forza-italia-fratelli-d-italia-con-giorgia-meloni-lega-per-salvini-premier-noi-moderati-lupi-toti-brugnaro-udc,bonus-2022-senate-coalition-forza-italia-fratelli-d-italia-con-giorgia-meloni-lega-per-salvini-premier-noi-moderati-lupi-toti-brugnaro-udc-09,9,Ricci,Silvia,forza-italia
senate,coalition-forza-italia-fratelli-d-italia-con-giorgia-meloni-lega-per-salvini-premier-noi-moderati-lupi-toti-brugnaro-udc,bonus-2022-senate-coalition-forza-italia-fratelli-d-italia-con-giorgia-meloni-lega-per-salvini-premier-noi-moderati-lupi-toti-brugnaro-udc-10,10,Conti,Laura,fratelli-d-italia-con-giorgia-meloni
senate,coalition-forza-italia-fratelli-d-italia-con-giorgia-meloni-lega-per-salvini-premier-noi-moderati-lupi-toti-brugnaro-udc,bonus-2022-senate-coalition-forza-italia-fratelli-d-italia-con-giorgia-meloni-lega-per-salvini-premier-noi-moderati-lupi-toti-brugnaro-udc-11,11,Greco,Paolo,lega-per-salvini-premier
senate,coalition-forza-italia-fratelli-d-italia-con-giorgia-meloni-lega-per-salvini-premier-noi-moderati-lupi-toti-brugnaro-udc,bonus-2022-senate-coalition-forza-italia-fratelli-d-italia-con-giorgia-meloni-lega-per-salvini-premier-noi-moderati-lupi-toti-brugnaro-udc-12,12,Bianchi,Elena,noi-moderati-lupi-toti-brugnaro-udc
senate,coalition-forza-italia-fratelli-d-italia-con-giorgia-meloni-lega-per-salvini-premier-noi-moderati-lupi-toti-brugnaro-udc,bonus-2022-senate-coalition-forza-italia-fratelli-d-italia-con-giorgia-meloni-lega-per-salvini-premier-noi-moderati-lupi-toti-brugnaro-udc-13,13,Rossi,Davide,forza-italia
senate,coalition-forza-italia-fratelli-d-italia-con-giorgia-meloni-lega-per-salvini-premier-noi-moderati-lupi-toti-brugnaro-udc,bonus-2022-senate-coalition-forza-italia-fratelli-d-italia-con-giorgia-meloni-lega-per-salvini-premier-noi-moderati-lupi-toti-brugnaro-udc-14,14,Costa,Sara,fratelli-d-italia-con-giorgia-meloni
senate,coalition-forza-italia-fratelli-d-italia-con-giorgia-meloni-lega-per-salvini-premier-noi-moderati-lupi-toti-brugnaro-udc,bonus-2022-senate-coalition-forza-italia-fratelli-d-italia-con-giorgia-meloni-lega-per-salvini-premier-noi-moderati-lupi-toti-brugnaro-udc-15,15,Rossi,Matteo,lega-per-salvini-premier
senate,coalition-forza-italia-fratelli-d-italia-con-giorgia-meloni-lega-per-salvini-premier-noi-moderati-lupi-toti-brugnaro-udc,bonus-2022-senate-coalition-forza-italia-fratelli-d-italia-con-giorgia-meloni-lega-per-salvini-premier-noi-moderati-lupi-toti-brugnaro-udc-16,16,Conti,Marco,noi-moderati-lupi-toti-brugnaro-udc
senate,coalition-forza-italia-fratelli-d-italia-con-giorgia-meloni-lega-per-salvini-premier-noi-moderati-lupi-toti-brugnaro-udc,bonus-2022-senate-coalition-forza-italia-fratelli-d-italia-con-giorgia-meloni-lega-per-salvini-premier-noi-moderati-lupi-toti-brugnaro-udc-17,17,Bianchi,Sara,forza-italia
senate,coalition-forza-italia-fratelli-d-italia-con-giorgia-meloni-lega-per-salvini-premier-noi-moderati-lupi-toti-brugnaro-udc,bonus-2022-senate-coalition-forza-italia-fratelli-d-italia-con-giorgia-meloni-lega-per-salvini-premier-noi-moderati-lupi-toti-brugnaro-udc-18,18,Conti,Luca,fratelli-d-italia-con-giorgia-meloni
senate,coalition-forza-italia-fratelli-d-italia-con-giorgia-meloni-lega-per-salvini-premier-noi-moderati-lupi-toti-brugnaro-udc,bonus-2022-senate-coalition-forza-italia-fratelli-d-italia-con-giorgia-meloni-lega-per-salvini-premier-noi-moderati-lupi-toti-brugnaro-udc-19,19,Ferrari,Anna,lega-per-salvini-premier
senate,coalition-forza-italia-fratelli-d-italia-con-giorgia-meloni-lega-per-salvini-premier-noi-moderati-lupi-toti-brugnaro-udc,bonus-2022-senate-coalition-forza-italia-fratelli-d-italia-con-giorgia-meloni-lega-per-salvini-premier-noi-moderati-lupi-toti-brugnaro-udc-20,20,Giordano,Francesco,noi-moderati-lupi-toti-brugnaro-udc
senate,coalition-forza-italia-fratelli-d-italia-con-giorgia-meloni-lega-per-salvini-premier-noi-moderati-lupi-toti-brugnaro-udc,bonus-2022-senate-coalition-forza-italia-fratelli-d-italia-con-giorgia-meloni-lega-per-salvini-premier-noi-moderati-lupi-toti-brugnaro-udc-21,21,De Luca,Laura,forza-italia
senate,coalition-forza-italia-fratelli-d-italia-con-giorgia-meloni-lega-per-salvini-premier-noi-moderati-lupi-toti-brugnaro-udc,bonus-2022-senate-coalition-forza-italia-fratelli-d-italia-con-giorgia-meloni-lega-per-salvini-premier-noi-moderati-lupi-toti-brugnaro-udc-22,22,Greco,Luca,fratelli-d-italia-con-giorgia-meloni
senate,coalition-forza-italia-fratelli-d-italia-con-giorgia-meloni-lega-per-salvini-premier-noi-moderati-lupi-toti-brugnaro-udc,bonus-2022-senate-coalition-forza-italia-fratelli-d-italia-con-giorgia-meloni-lega-per-salvini-premier-noi-moderati-lupi-toti-brugnaro-udc-23,23,Costa,Anna,lega-per-salvini-premier
senate,coalition-forza-italia-fratelli-d-italia-con-giorgia-meloni-lega-per-salvini-premier-noi-moderati-lupi-toti-brugnaro-udc,bonus-2022-senate-coalition-forza-italia-fratelli-d-italia-con-giorgia-meloni-lega-per-salvini-premier-noi-moderati-lupi-toti-brugnaro-udc-24,24,Bianchi,Paolo,noi-moderati-lupi-toti-brugnaro-udc
senate,coalition-forza-italia-fratelli-d-italia-con-giorgia-meloni-lega-per-salvini-premier-noi-moderati-lupi-toti-brugnaro-udc,bonus-2022-senate-coalition-forza-italia-fratelli-d-italia-con-giorgia-meloni-lega-per-salvini-premier-noi-moderati-lupi-toti-brugnaro-udc-25,25,Greco,Chiara,forza-italia
senate,coalition-forza-italia-fratelli-d-italia-con-giorgia-meloni-lega-per-salvini-premier-noi-moderati-lupi-toti-brugnaro-udc,bonus-2022-senate-coalition-forza-italia-fratelli-d-italia-con-giorgia-meloni-lega-per-salvini-premier-noi-moderati-lupi-toti-brugnaro-udc-26,26,Bruno,Luca,fratelli-d-italia-con-giorgia-meloni
senate,coalition-forza-italia-fratelli-d-italia-con-giorgia-meloni-lega-per-salvini-premier-noi-moderati-lupi-toti-brugnaro-udc,bonus-2022-senate-coalition-forza-italia-fratelli-d-italia-con-giorgia-meloni-lega-per-salvini-premier-noi-moderati-lupi-toti-brugnaro-udc-27,27,Ferrari,Davide,lega-per-salvini-premier
senate,coalition-forza-italia-fratelli-d-italia-con-giorgia-meloni-lega-per-salvini-premier-noi-moderati-lupi-toti-brugnaro-udc,bonus-2022-senate-coalition-forza-italia-fratelli-d-italia-con-giorgia-meloni-lega-per-salvini-premier-noi-moderati-lupi-toti-brugnaro-udc-28,28,Gallo,Davide,noi-moderati-lupi-toti-brugnaro-udc
senate,coalition-forza-italia-fratelli-d-italia-con-giorgia-meloni-lega-per-salvini-premier-noi-moderati-lupi-toti-brugnaro-udc,bonus-2022-senate-coalition-forza-italia-fratelli-d-italia-con-giorgia-meloni-lega-per-salvini-premier-noi-moderati-lupi-toti-brugnaro-udc-29,29,Rossi,Sara,forza-italia
senate,coalition-forza-italia-fratelli-d-italia-con-giorgia-meloni-lega-per-salvini-premier-noi-moderati-lupi-toti-brugnaro-udc,bonus-2022-senate-coalition-forza-italia-fratelli-d-italia-con-giorgia-meloni-lega-per-salvini-premier-noi-moderati-lupi-toti-brugnaro-udc-30,30,Giordano,Andrea,fratelli-d-italia-con-giorgia-meloni
senate,coalition-forza-italia-fratelli-d-italia-con-giorgia-meloni-lega-per-salvini-premier-noi-moderati-lupi-toti-brugnaro-udc,bonus-2022-senate-coalition-forza-italia-fratelli-d-italia-con-giorgia-meloni-lega-per-salvini-premier-noi-moderati-lupi-toti-brugnaro-udc-31,31,Colombo,Elena,lega-per-salvini-premier
senate,coalition-forza-italia-fratelli-d-italia-con-giorgia-meloni-lega-per-salvini-premier-noi-moderati-lupi-toti-brugnaro-udc,bonus-2022-senate-coalition-forza-italia-fratelli-d-italia-con-giorgia-meloni-lega-per-salvini-premier-noi-moderati-lupi-toti-brugnaro-udc-32,32,Greco,Matteo,noi-moderati-lupi-toti-brugnaro-udc
senate,coalition-forza-italia-fratelli-d-italia-con-giorgia-meloni-lega-per-salvini-premier-noi-moderati-lupi-toti-brugnaro-udc,bonus-2022-senate-coalition-forza-italia-fratelli-d-italia-con-giorgia-meloni-lega-per-salvini-premier-noi-moderati-lupi-toti-brugnaro-udc-33,33,Marino,Sara,forza-italia
senate,coalition-forza-italia-fratelli-d-italia-con-giorgia-meloni-lega-per-salvini-premier-noi-moderati-lupi-toti-brugnaro-udc,bonus-2022-senate-coalition-forza-italia-fratelli-d-italia-con-giorgia-meloni-lega-per-salvini-premier-noi-moderati-lupi-toti-brugnaro-udc-34,34,Gallo,Maria,fratelli-d-italia-con-giorgia-meloni
senate,coalition-forza-italia-fratelli-d-italia-con-giorgia-meloni-lega-per-salvini-premier-noi-moderati-lupi-toti-brugnaro-udc,bonus-2022-senate-coalition-forza-italia-fratelli-d-italia-con-giorgia-meloni-lega-per-salvini-premier-noi-moderati-lupi-toti-brugnaro-udc-35,35,Gallo,Matteo,lega-per-salvini-premier
